Search Query,Business Name,Rating,Review Count,Category,Phone Number,Website,Address,Google Maps URL,Scraped At
house cleaning in Austin TX,Results,4.8,1183,N/A,+1 512-258-4798,https://www.boardwalkcleaning.com/?utm_campaign=gmb,"9003 Capitol Dr, Austin, TX 78753, United States","https://www.google.com/maps/place/The+Boardwalk+Cleaning+Co./@30.3539182,-97.7409003,11z/data=!4m10!1m2!2m1!1shouse+cleaning+in+Austin+TX!3m6!1s0x8644c96004c506df:0x71a73cb3336bf502!8m2!3d30.3556257!4d-97.6919743!15sChtob3VzZSBjbGVhbmluZyBpbiBBdXN0aW4gVFhaHSIbaG91c2UgY2xlYW5pbmcgaW4gYXVzdGluIHR4kgEWaG91c2VfY2xlYW5pbmdfc2VydmljZeABAA!16s%2Fg%2F11gw37mm22?entry=ttu&g_ep=EgoyMDI2MDgyNi4wIKXMDSoASAFQAw%3D%3D",2026-08-31 16:10:08
house cleaning in Austin TX,Results,4.9,1508,N/A,+1 512-686-5034,http://www.maidsandmoore.com/,"8120 Research Blvd #110, Austin, TX 78758, United States","https://www.google.com/maps/place/Maids+and+Moore+Cleaning+Austin/@30.3556257,-97.9803654,11z/data=!3m1!5s0x8644cbc94337b945:0xcd3e9044306fa98e!4m10!1m2!2m1!1shouse+cleaning+in+Austin+TX!3m6!1s0x8644ca2c59082a65:0x197383ab68f0bf4f!8m2!3d30.3532973!4d-97.7154955!15sChtob3VzZSBjbGVhbmluZyBpbiBBdXN0aW4gVFhaHSIbaG91c2UgY2xlYW5pbmcgaW4gYXVzdGluIHR4kgEWaG91c2VfY2xlYW5pbmdfc2VydmljZeABAA!16s%2Fg%2F1tdv_8cx?entry=ttu&g_ep=EgoyMDI2MDgyNi4wIKXMDSoASAFQAw%3D%3D",2026-08-31 16:10:13
house cleaning in Austin TX,Results,4.7,580,N/A,+1 512-582-2340,https://www.austinsmaidservice.com/,"8711 Burnet Rd # A13, Austin, TX 78757, United States","https://www.google.com/maps/place/Austin's+Maid+Service/@30.3556257,-97.9803654,11z/data=!4m10!1m2!2m1!1shouse+cleaning+in+Austin+TX!3m6!1s0x8644b50bd97665d7:0x841b42deadab964b!8m2!3d30.3693047!4d-97.7267398!15sChtob3VzZSBjbGVhbmluZyBpbiBBdXN0aW4gVFhaHSIbaG91c2UgY2xlYW5pbmcgaW4gYXVzdGluIHR4kgEWaG91c2VfY2xlYW5pbmdfc2VydmljZeABAA!16s%2Fg%2F1hc2w4cgl?entry=ttu&g_ep=EgoyMDI2MDgyNi4wIKXMDSoASAFQAw%3D%3D",2026-08-31 16:10:18
house cleaning in Austin TX,Results,4.9,356,N/A,+1 512-764-5521,https://www.tidyhandstx.com/,"720 Airport Blvd, Austin, TX 78702, United States","https://www.google.com/maps/place/Tidy+Hands+Cleaners:+%231+Austin+Cleaning+Services/@30.3556257,-97.9803654,11z/data=!4m10!1m2!2m1!1shouse+cleaning+in+Austin+TX!3m6!1s0xa004bd084e593a71:0x999f7a98be524d4b!8m2!3d30.2525734!4d-97.6935848!15sChtob3VzZSBjbGVhbmluZyBpbiBBdXN0aW4gVFhaHSIbaG91c2UgY2xlYW5pbmcgaW4gYXVzdGluIHR4kgEWaG91c2VfY2xlYW5pbmdfc2VydmljZeABAA!16s%2Fg%2F11rd_gyrq3?entry=ttu&g_ep=EgoyMDI2MDgyNi4wIKXMDSoASAFQAw%3D%3D",2026-08-31 16:10:22
house cleaning in Austin TX,Results,4.9,208,N/A,+1 512-256-0490,N/A,"901 S MoPac Expy, Austin, TX 78746, United States","https://www.google.com/maps/place/Austin+Cleaning+Crew+of+Barton+Hills/@30.3556257,-97.9803654,11z/data=!3m1!5s0x8644b533b55b9c25:0x26808c47bf9815cc!4m10!1m2!2m1!1shouse+cleaning+in+Austin+TX!3m6!1s0x8644b54d7e6598d1:0x5400169ed1dbec1e!8m2!3d30.2644982!4d-97.7821677!15sChtob3VzZSBjbGVhbmluZyBpbiBBdXN0aW4gVFhaHSIbaG91c2UgY2xlYW5pbmcgaW4gYXVzdGluIHR4kgEWaG91c2VfY2xlYW5pbmdfc2VydmljZeABAA!16s%2Fg%2F11yh3lxyrk?entry=ttu&g_ep=EgoyMDI2MDgyNi4wIKXMDSoASAFQAw%3D%3D",2026-08-31 16:10:25
house cleaning in Austin TX,Results,5.0,1229,N/A,+1 512-617-5979,https://www.sparklymaidaustin.com/,"200 Congress Ave. Ste 200, Austin, TX 78701, United States","https://www.google.com/maps/place/Sparkly+Maid+Austin+Cleaning+Services/@30.3556257,-97.9803654,11z/data=!4m10!1m2!2m1!1shouse+cleaning+in+Austin+TX!3m6!1s0x8323b7c9202ab531:0xc88e9a28ed3115f4!8m2!3d30.2645167!4d-97.7445675!15sChtob3VzZSBjbGVhbmluZyBpbiBBdXN0aW4gVFhaHSIbaG91c2UgY2xlYW5pbmcgaW4gYXVzdGluIHR4kgEWaG91c2VfY2xlYW5pbmdfc2VydmljZeABAA!16s%2Fg%2F11w4sbrbtg?entry=ttu&g_ep=EgoyMDI2MDgyNi4wIKXMDSoASAFQAw%3D%3D",2026-08-31 16:10:29
house cleaning in Austin TX,Results,4.9,492,N/A,+1 512-706-9717,http://www.sweptupcleaningco.com/,"111 Congress Ave Ste 461A, Austin, TX 78701, United States","https://www.google.com/maps/place/Swept+Up+Cleaning+Co./@30.3556257,-97.9803654,11z/data=!3m1!5s0x8644b507d472d15f:0xaa15f64791d79bd3!4m10!1m2!2m1!1shouse+cleaning+in+Austin+TX!3m6!1s0x865b4d714f308b4f:0x30bc8b605a803073!8m2!3d30.26396!4d-97.744068!15sChtob3VzZSBjbGVhbmluZyBpbiBBdXN0aW4gVFhaHSIbaG91c2UgY2xlYW5pbmcgaW4gYXVzdGluIHR4kgEWaG91c2VfY2xlYW5pbmdfc2VydmljZeABAA!16s%2Fg%2F11td929r_c?entry=ttu&g_ep=EgoyMDI2MDgyNi4wIKXMDSoASAFQAw%3D%3D",2026-08-31 16:10:34
house cleaning in Austin TX,Results,4.7,211,N/A,+1 512-351-1405,https://purplefigcleaning.com/,"8900 Shoal Creek Blvd Ste. 113, Austin, TX 78757, United States","https://www.google.com/maps/place/The+Purple+Fig+Eco+Cleaning+Co./@30.3556257,-97.9803654,11z/data=!4m10!1m2!2m1!1shouse+cleaning+in+Austin+TX!3m6!1s0x8644ca420283f7c3:0xeda80ac451b0d229!8m2!3d30.3761875!4d-97.7347956!15sChtob3VzZSBjbGVhbmluZyBpbiBBdXN0aW4gVFhaHSIbaG91c2UgY2xlYW5pbmcgaW4gYXVzdGluIHR4kgEWaG91c2VfY2xlYW5pbmdfc2VydmljZeABAA!16s%2Fg%2F11bbrlzjty?entry=ttu&g_ep=EgoyMDI2MDgyNi4wIKXMDSoASAFQAw%3D%3D",2026-08-31 16:10:38
roofing contractors in Denver CO,Results,4.8,651,N/A,+1 303-296-0361,https://www.elite-roofs.com/denver-roofers/?utm_source=GBP&utm_medium=Google&utm_campaign=GBP_Denver_Page,"5475 Peoria St #4-106, Denver, CO 80239, United States","https://www.google.com/maps/place/Elite+Roofing+%26+Solar/@39.715129,-104.9461916,12z/data=!3m1!5s0x876c7b2a5eb1b83b:0x37a4d2e3d892c839!4m10!1m2!2m1!1sroofing+contractors+in+Denver+CO!3m6!1s0x876c7ba6840b23cf:0x89e760344f2e5169!8m2!3d39.7950268!4d-104.8486736!15sCiByb29maW5nIGNvbnRyYWN0b3JzIGluIERlbnZlciBDT1oiIiByb29maW5nIGNvbnRyYWN0b3JzIGluIGRlbnZlciBjb5IBEnJvb2ZpbmdfY29udHJhY3RvcuABAA!16s%2Fg%2F1tglzgt2?entry=ttu&g_ep=EgoyMDI2MDgyNi4wIKXMDSoASAFQAw%3D%3D",2026-08-31 16:11:02
roofing contractors in Denver CO,Results,4.9,433,N/A,+1 720-665-9868,https://solvistaroofing.com/,"5855 E 45th Ave A-132, Denver, CO 80216, United States","https://www.google.com/maps/place/Sol+Vista+Roofing/@39.715129,-104.9461916,12z/data=!4m10!1m2!2m1!1sroofing+contractors+in+Denver+CO!3m6!1s0x876c7b55abebb7ad:0x5683997303fc140b!8m2!3d39.778926!4d-104.9193318!15sCiByb29maW5nIGNvbnRyYWN0b3JzIGluIERlbnZlciBDT1oiIiByb29maW5nIGNvbnRyYWN0b3JzIGluIGRlbnZlciBjb5IBEnJvb2ZpbmdfY29udHJhY3RvcuABAA!16s%2Fg%2F11n5gr7rky?entry=ttu&g_ep=EgoyMDI2MDgyNi4wIKXMDSoASAFQAw%3D%3D",2026-08-31 16:11:06
roofing contractors in Denver CO,Results,4.9,196,N/A,+1 303-529-7554,https://www.newroofplus.com/?utm_campaign=gmb,"110 16th St Mall Ste 1455, Denver, CO 80202, United States","https://www.google.com/maps/place/New+Roof+Plus/@39.778926,-105.0635274,12z/data=!3m1!5s0x876c78d691a0631b:0xf0a19b8143a93734!4m10!1m2!2m1!1sroofing+contractors+in+Denver+CO!3m6!1s0x876c7f3e6cd47209:0x19aa23f51f6703fa!8m2!3d39.7414515!4d-104.9877629!15sCiByb29maW5nIGNvbnRyYWN0b3JzIGluIERlbnZlciBDT1oiIiByb29maW5nIGNvbnRyYWN0b3JzIGluIGRlbnZlciBjb5IBEnJvb2ZpbmdfY29udHJhY3RvcuABAA!16s%2Fg%2F11g0g2jnzz?entry=ttu&g_ep=EgoyMDI2MDgyNi4wIKXMDSoASAFQAw%3D%3D",2026-08-31 16:11:11
roofing contractors in Denver CO,Results,5.0,479,N/A,+1 303-335-6097,https://mylifetimehome.com/services/residential-roofing-installations/,"9525 E 40th Ave Ste 160C, Denver, CO 80238, United States","https://www.google.com/maps/place/Lifetime+Roof+%26+Solar+-+Denver/@39.7414515,-105.1319585,12z/data=!4m10!1m2!2m1!1sroofing+contractors+in+Denver+CO!3m6!1s0x876c79d1ab8b75e7:0xe9ff92d46e508ea7!8m2!3d39.774807!4d-104.877744!15sCiByb29maW5nIGNvbnRyYWN0b3JzIGluIERlbnZlciBDT1oiIiByb29maW5nIGNvbnRyYWN0b3JzIGluIGRlbnZlciBjb5IBEnJvb2ZpbmdfY29udHJhY3RvcuABAA!16s%2Fg%2F11dylvnq9v?entry=ttu&g_ep=EgoyMDI2MDgyNi4wIKXMDSoASAFQAw%3D%3D",2026-08-31 16:11:16
roofing contractors in Denver CO,Results,4.7,971,N/A,+1 303-763-9114,https://interstateroof.com/,"1000 W 47th Ave, Denver, CO 80211, United States","https://www.google.com/maps/place/Interstate+Roofing,+Inc./@39.774807,-105.0219396,12z/data=!4m10!1m2!2m1!1sroofing+contractors+in+Denver+CO!3m6!1s0x876c7fbe9da62ef3:0xb28bbc41057c82eb!8m2!3d39.7813369!4d-104.9997786!15sCiByb29maW5nIGNvbnRyYWN0b3JzIGluIERlbnZlciBDT1oiIiByb29maW5nIGNvbnRyYWN0b3JzIGluIGRlbnZlciBjb5IBEnJvb2ZpbmdfY29udHJhY3RvcuABAA!16s%2Fg%2F1tdgq9sv?entry=ttu&g_ep=EgoyMDI2MDgyNi4wIKXMDSoASAFQAw%3D%3D",2026-08-31 16:11:20
roofing contractors in Denver CO,Results,4.9,403,N/A,+1 303-698-0580,https://730southexteriors.com/?utm_source=google&utm_medium=organic&utm_campaign=gmb,"2281 S Acoma St, Denver, CO 80223, United States","https://www.google.com/maps/place/730+South+Exteriors+%26+Roofing/@39.7813369,-105.1439742,12z/data=!4m10!1m2!2m1!1sroofing+contractors+in+Denver+CO!3m6!1s0x876c7fca5106922b:0xc3491c7976e86973!8m2!3d39.6753134!4d-104.9890706!15sCiByb29maW5nIGNvbnRyYWN0b3JzIGluIERlbnZlciBDT1oiIiByb29maW5nIGNvbnRyYWN0b3JzIGluIGRlbnZlciBjb5IBEnJvb2ZpbmdfY29udHJhY3RvcuABAA!16s%2Fg%2F11dyls104b?entry=ttu&g_ep=EgoyMDI2MDgyNi4wIKXMDSoASAFQAw%3D%3D",2026-08-31 16:11:24
roofing contractors in Denver CO,Results,4.9,67,N/A,+1 720-443-4202,http://mydenverroofers.com/,"4454 Tennyson St, Denver, CO 80212, United States","https://www.google.com/maps/place/Denver+Roofers+LLC/@39.6753134,-105.1332662,12z/data=!4m10!1m2!2m1!1sroofing+contractors+in+Denver+CO!3m6!1s0x876c7f3d0416b07b:0x2236ce8c70277c9c!8m2!3d39.7775891!4d-105.0437096!15sCiByb29maW5nIGNvbnRyYWN0b3JzIGluIERlbnZlciBDT1oiIiByb29maW5nIGNvbnRyYWN0b3JzIGluIGRlbnZlciBjb5IBEnJvb2ZpbmdfY29udHJhY3RvcpoBJENoZERTVWhOTUc5blMwVkpRMEZuU1VSc01IVmhhbWxSUlJBQuABAPoBBAgAEBY!16s%2Fg%2F1ptx2z_jh?entry=ttu&g_ep=EgoyMDI2MDgyNi4wIKXMDSoASAFQAw%3D%3D",2026-08-31 16:11:29
roofing contractors in Denver CO,Results,4.9,428,N/A,+1 303-647-9713,https://www.coreroofing.com/?utm_source=gmb&utm_medium=organic&utm_campaign=listing,"4049 St Paul St, Denver, CO 80216, United States","https://www.google.com/maps/place/Core+Roofing+Systems/@39.7775891,-105.1879052,12z/data=!4m10!1m2!2m1!1sroofing+contractors+in+Denver+CO!3m6!1s0x876c7900887979f5:0x203014a71b33d5a0!8m2!3d39.7736593!4d-104.9507309!15sCiByb29maW5nIGNvbnRyYWN0b3JzIGluIERlbnZlciBDT1oiIiByb29maW5nIGNvbnRyYWN0b3JzIGluIGRlbnZlciBjb5IBEnJvb2ZpbmdfY29udHJhY3RvcuABAA!16s%2Fg%2F1q6j93kn2?entry=ttu&g_ep=EgoyMDI2MDgyNi4wIKXMDSoASAFQAw%3D%3D",2026-08-31 16:11:34
roofing contractors in Denver CO,Results,4.3,612,N/A,+1 303-233-7663,https://www.premier-roofing.com/locations/denver-roofing/?utm_source=google&utm_medium=local&utm_campaign=GMB&utm_content=Denver,"2570 W 8th Ave, Denver, CO 80204, United States","https://www.google.com/maps/place/Premier+Roofing+Company/@39.7736593,-105.0949265,12z/data=!4m10!1m2!2m1!1sroofing+contractors+in+Denver+CO!3m6!1s0x876c7f4ddf91e63f:0xc03ac4373da5e3c6!8m2!3d39.7290105!4d-105.0191235!15sCiByb29maW5nIGNvbnRyYWN0b3JzIGluIERlbnZlciBDT1oiIiByb29maW5nIGNvbnRyYWN0b3JzIGluIGRlbnZlciBjb5IBEnJvb2ZpbmdfY29udHJhY3RvcuABAA!16s%2Fg%2F1tmqrvz2?entry=ttu&g_ep=EgoyMDI2MDgyNi4wIKXMDSoASAFQAw%3D%3D",2026-08-31 16:11:39
roofing contractors in Denver CO,Results,4.9,425,N/A,+1 720-740-4325,https://peaktopeakroofing.com/,"4155 E Jewell Ave #1100, Denver, CO 80222, United States","https://www.google.com/maps/place/Peak+To+Peak+Roofing+%26+Exteriors,+LLC/@39.7290105,-105.1633191,12z/data=!4m10!1m2!2m1!1sroofing+contractors+in+Denver+CO!3m6!1s0x876c7de002677b3d:0x8237212f88e30f53!8m2!3d39.683461!4d-104.938412!15sCiByb29maW5nIGNvbnRyYWN0b3JzIGluIERlbnZlciBDT1oiIiByb29maW5nIGNvbnRyYWN0b3JzIGluIGRlbnZlciBjb5IBEnJvb2ZpbmdfY29udHJhY3RvcuABAA!16s%2Fg%2F1tfq9qjw?entry=ttu&g_ep=EgoyMDI2MDgyNi4wIKXMDSoASAFQAw%3D%3D",2026-08-31 16:11:45
roofing contractors in Denver CO,Results,4.9,600,N/A,+1 303-761-6400,https://www.excelroofing.com/denver-roofers,"4510 S Federal Blvd, Englewood, CO 80110, United States","https://www.google.com/maps/place/Excel+Roofing+-+Denver/@39.683461,-105.0826076,12z/data=!4m10!1m2!2m1!1sroofing+contractors+in+Denver+CO!3m6!1s0x876c8019052e2d3b:0x48a5acb8f8cade6d!8m2!3d39.6352312!4d-105.0248073!15sCiByb29maW5nIGNvbnRyYWN0b3JzIGluIERlbnZlciBDT1oiIiByb29maW5nIGNvbnRyYWN0b3JzIGluIGRlbnZlciBjb5IBEnJvb2ZpbmdfY29udHJhY3RvcuABAA!16s%2Fg%2F1vm_ycls?entry=ttu&g_ep=EgoyMDI2MDgyNi4wIKXMDSoASAFQAw%3D%3D",2026-08-31 16:11:50
roofing contractors in Denver CO,Results,4.9,228,N/A,+1 303-968-9842,https://integrityproroofing.com/,"1415 Park Ave W, Denver, CO 80205, United States","https://www.google.com/maps/place/Integrity+Pro+Roofing+%7C+Denver+Commercial+Roofing/@39.6352312,-105.1690029,12z/data=!3m1!5s0x876c78de16f2844f:0x70eea7e126c487b6!4m10!1m2!2m1!1sroofing+contractors+in+Denver+CO!3m6!1s0x876c7beab348cf85:0xfb3aa47f7f51991e!8m2!3d39.7568002!4d-104.9899082!15sCiByb29maW5nIGNvbnRyYWN0b3JzIGluIERlbnZlciBDT1oiIiByb29maW5nIGNvbnRyYWN0b3JzIGluIGRlbnZlciBjb5IBEnJvb2ZpbmdfY29udHJhY3RvcuABAA!16s%2Fg%2F1ptx1btt1?entry=ttu&g_ep=EgoyMDI2MDgyNi4wIKXMDSoASAFQAw%3D%3D",2026-08-31 16:11:54
roofing contractors in Denver CO,Results,4.8,106,N/A,+1 720-796-9052,https://www.mightydogroofing.com/downtown-denver-co,"3000 Lawrence St #145, Denver, CO 80205, United States","https://www.google.com/maps/place/Mighty+Dog+Roofing+of+Downtown+Denver/@39.7568002,-105.1341038,12z/data=!4m10!1m2!2m1!1sroofing+contractors+in+Denver+CO!3m6!1s0x876c79916d2804b1:0xf7c1cbafffdd372d!8m2!3d39.7615033!4d-104.9789994!15sCiByb29maW5nIGNvbnRyYWN0b3JzIGluIERlbnZlciBDT1oiIiByb29maW5nIGNvbnRyYWN0b3JzIGluIGRlbnZlciBjb5IBEnJvb2ZpbmdfY29udHJhY3RvcuABAA!16s%2Fg%2F11ph16ltv0?entry=ttu&g_ep=EgoyMDI2MDgyNi4wIKXMDSoASAFQAw%3D%3D",2026-08-31 16:12:00
roofing contractors in Denver CO,Results,4.8,534,N/A,+1 303-600-8696,http://www.formularoofing.com/,"4560 Columbine St, Denver, CO 80216, United States","https://www.google.com/maps/place/Formula+Roofing+and+Remodeling/@39.7568002,-105.1341038,12z/data=!4m10!1m2!2m1!1sroofing+contractors+in+Denver+CO!3m6!1s0x876c79742793628b:0x262423201f56213!8m2!3d39.7793548!4d-104.956826!15sCiByb29maW5nIGNvbnRyYWN0b3JzIGluIERlbnZlciBDT1oiIiByb29maW5nIGNvbnRyYWN0b3JzIGluIGRlbnZlciBjb5IBEnJvb2ZpbmdfY29udHJhY3RvcuABAA!16s%2Fg%2F12m9f7q7d?entry=ttu&g_ep=EgoyMDI2MDgyNi4wIKXMDSoASAFQAw%3D%3D",2026-08-31 16:12:04
roofing contractors in Denver CO,Results,4.7,40,N/A,+1 303-455-3185,https://www.a-denverroofing.com/,"1600 Broadway #1600, Denver, CO 80202, United States","https://www.google.com/maps/place/A-Denver+Roofing/@39.7568002,-105.1341038,12z/data=!4m10!1m2!2m1!1sroofing+contractors+in+Denver+CO!3m6!1s0x876c78734f8b2449:0x2ea0c3308747bea5!8m2!3d39.7421313!4d-104.987072!15sCiByb29maW5nIGNvbnRyYWN0b3JzIGluIERlbnZlciBDT1oiIiByb29maW5nIGNvbnRyYWN0b3JzIGluIGRlbnZlciBjb5IBEnJvb2ZpbmdfY29udHJhY3RvcuABAA!16s%2Fg%2F1x5qt84_?entry=ttu&g_ep=EgoyMDI2MDgyNi4wIKXMDSoASAFQAw%3D%3D",2026-08-31 16:12:09
roofing contractors in Denver CO,Results,4.9,92,N/A,+1 720-802-0259,https://hornbrothersroofing.com/?utm_campaign=gmb,"2325 S Jason St, Denver, CO 80223, United States","https://www.google.com/maps/place/Horn+Brothers+Roofing/@39.7568002,-105.1341038,12z/data=!4m10!1m2!2m1!1sroofing+contractors+in+Denver+CO!3m6!1s0x876c7fc7a5ea65f7:0x3ef43fa8ab096b48!8m2!3d39.6743061!4d-104.9999149!15sCiByb29maW5nIGNvbnRyYWN0b3JzIGluIERlbnZlciBDT1oiIiByb29maW5nIGNvbnRyYWN0b3JzIGluIGRlbnZlciBjb5IBEnJvb2ZpbmdfY29udHJhY3RvcuABAA!16s%2Fg%2F1tg68lt5?entry=ttu&g_ep=EgoyMDI2MDgyNi4wIKXMDSoASAFQAw%3D%3D",2026-08-31 16:12:14
roofing contractors in Denver CO,Results,5.0,203,N/A,+1 303-524-1000,https://metrocityroofing.com/contact/,"8354 E Northfield Blvd #3700, Denver, CO 80238, United States","https://www.google.com/maps/place/Metro+City+Roofing/@39.7568002,-105.1341038,12z/data=!4m10!1m2!2m1!1sroofing+contractors+in+Denver+CO!3m6!1s0x876c7bcf6630a807:0x8f5dce1b219cbc73!8m2!3d39.7827075!4d-104.8913601!15sCiByb29maW5nIGNvbnRyYWN0b3JzIGluIERlbnZlciBDT1oiIiByb29maW5nIGNvbnRyYWN0b3JzIGluIGRlbnZlciBjb5IBEnJvb2ZpbmdfY29udHJhY3RvcuABAA!16s%2Fg%2F11rstsgrfb?entry=ttu&g_ep=EgoyMDI2MDgyNi4wIKXMDSoASAFQAw%3D%3D",2026-08-31 16:12:19
roofing contractors in Denver CO,Results,4.8,98,N/A,+1 720-369-7035,http://www.denroofing.com/,"2171 S Trenton Way Ste 218, Denver, CO 80231, United States","https://www.google.com/maps/place/Denver+Roofing+%26+Construction+LLC/@39.7827075,-105.0355557,12z/data=!4m10!1m2!2m1!1sroofing+contractors+in+Denver+CO!3m6!1s0x876c80817b7504a7:0xf6dd59241541b9d!8m2!3d39.6777645!4d-104.8968197!15sCiByb29maW5nIGNvbnRyYWN0b3JzIGluIERlbnZlciBDT1oiIiByb29maW5nIGNvbnRyYWN0b3JzIGluIGRlbnZlciBjb5IBEnJvb2ZpbmdfY29udHJhY3RvcuABAA!16s%2Fg%2F11cn6nn95w?entry=ttu&g_ep=EgoyMDI2MDgyNi4wIKXMDSoASAFQAw%3D%3D",2026-08-31 16:12:24
roofing contractors in Denver CO,Results,5.0,89,N/A,+1 720-484-1600,http://www.foothillsfirst.com/,"1776 S Jackson St #520, Denver, CO 80210, United States","https://www.google.com/maps/place/Foothills+Exteriors/@39.6777645,-105.0410153,12z/data=!3m1!5s0x876c8746ff95143d:0xdb1228f2c73ba451!4m10!1m2!2m1!1sroofing+contractors+in+Denver+CO!3m6!1s0x876c7fa99ad06643:0xcd6286de7455144d!8m2!3d39.6847933!4d-104.9427633!15sCiByb29maW5nIGNvbnRyYWN0b3JzIGluIERlbnZlciBDT1oiIiByb29maW5nIGNvbnRyYWN0b3JzIGluIGRlbnZlciBjb5IBEnJvb2ZpbmdfY29udHJhY3RvcuABAA!16s%2Fg%2F11fklgbsmw?entry=ttu&g_ep=EgoyMDI2MDgyNi4wIKXMDSoASAFQAw%3D%3D",2026-08-31 16:12:29
roofing contractors in Denver CO,Results,5.0,36,N/A,+1 303-872-7750,http://coloradoprecisionroofing.com/,"1001 Bannock St, Denver, CO 80204, United States","https://www.google.com/maps/place/Colorado+Precision+Roofing/@39.6777645,-105.0410153,12z/data=!4m10!1m2!2m1!1sroofing+contractors+in+Denver+CO!3m6!1s0x876c79724095ae8d:0x586f4f0b4b4997d6!8m2!3d39.7322457!4d-104.9906841!15sCiByb29maW5nIGNvbnRyYWN0b3JzIGluIERlbnZlciBDT1oiIiByb29maW5nIGNvbnRyYWN0b3JzIGluIGRlbnZlciBjb5IBEnJvb2ZpbmdfY29udHJhY3RvcpoBJENoZERTVWhOTUc5blMwVkpRMEZuU1VOUVoxcDZlSGxSUlJBQuABAPoBBQjfAhBI!16s%2Fg%2F11fggqff9n?entry=ttu&g_ep=EgoyMDI2MDgyNi4wIKXMDSoASAFQAw%3D%3D",2026-08-31 16:12:33
roofing contractors in Denver CO,Results,4.2,29,N/A,+1 720-859-1200,https://allianceroofinginc.com/,"15657 E Centretech Cir, Aurora, CO 80011, United States","https://www.google.com/maps/place/Alliance+Roofing+Holdings/@39.7322457,-105.1348797,12z/data=!4m9!1m2!2m1!1sroofing+contractors+in+Denver+CO!3m5!1s0x2c7000237268f4e1:0x2cb96e12ff3e9a6d!8m2!3d39.7229626!4d-104.8056242!16s%2Fg%2F11vwjhxlnl?entry=ttu&g_ep=EgoyMDI2MDgyNi4wIKXMDSoASAFQAw%3D%3D",2026-08-31 16:12:36
roofing contractors in Denver CO,Results,5.0,178,N/A,+1 303-550-4530,http://acincroofing.com/,"6145 Broadway Ste 25, Denver, CO 80216, United States","https://www.google.com/maps/place/AC+INC.+Roofing+%7C+Denver's+Trusted+Roof+Experts/@39.722963,-104.9498196,12z/data=!3m1!5s0x876c7832888eba91:0x426e0ca004ebb80c!4m10!1m2!2m1!1sroofing+contractors+in+Denver+CO!3m6!1s0x876c79d15109e6d3:0xd20a85855b2f5cd6!8m2!3d39.8078924!4d-104.9883106!15sCiByb29maW5nIGNvbnRyYWN0b3JzIGluIERlbnZlciBDT1oiIiByb29maW5nIGNvbnRyYWN0b3JzIGluIGRlbnZlciBjb5IBEnJvb2ZpbmdfY29udHJhY3RvcuABAA!16s%2Fg%2F11fvvjmf1p?entry=ttu&g_ep=EgoyMDI2MDgyNi4wIKXMDSoASAFQAw%3D%3D",2026-08-31 16:12:39
roofing contractors in Denver CO,Results,4.7,82,N/A,+1 720-893-7663,https://yourcommercialroofer.com/,"5300 Broadway, Denver, CO 80216, United States","https://www.google.com/maps/place/Commercial+Roofing+Contractor/@39.8078924,-105.1325062,12z/data=!4m10!1m2!2m1!1sroofing+contractors+in+Denver+CO!3m6!1s0x876c79494b8bae05:0x1e9facb0371a3359!8m2!3d39.7931093!4d-104.9871403!15sCiByb29maW5nIGNvbnRyYWN0b3JzIGluIERlbnZlciBDT1oiIiByb29maW5nIGNvbnRyYWN0b3JzIGluIGRlbnZlciBjb5IBEnJvb2ZpbmdfY29udHJhY3RvcuABAA!16s%2Fg%2F11nmg9cm83?entry=ttu&g_ep=EgoyMDI2MDgyNi4wIKXMDSoASAFQAw%3D%3D",2026-08-31 16:12:43
roofing contractors in Denver CO,Results,4.7,141,N/A,+1 303-942-1386,https://goldenspikeroofing.com/,"3600 S Yosemite St Ste. 330 Floor 3, Denver, CO 80237, United States","https://www.google.com/maps/place/Golden+Spike+Roofing+Inc/@39.8078924,-105.1325062,12z/data=!3m1!5s0x876c87988304ac4b:0x25ff369fbf3f71b7!4m10!1m2!2m1!1sroofing+contractors+in+Denver+CO!3m6!1s0x876c876df9c20e39:0xcfab4ed21bab6057!8m2!3d39.6508796!4d-104.8840471!15sCiByb29maW5nIGNvbnRyYWN0b3JzIGluIERlbnZlciBDT1oiIiByb29maW5nIGNvbnRyYWN0b3JzIGluIGRlbnZlciBjb5IBEnJvb2ZpbmdfY29udHJhY3RvcuABAA!16s%2Fg%2F11dxl6x0gt?entry=ttu&g_ep=EgoyMDI2MDgyNi4wIKXMDSoASAFQAw%3D%3D",2026-08-31 16:12:48
roofing contractors in Denver CO,Results,5.0,121,N/A,+1 720-550-3851,http://www.goinproconstruction.com/,"4136 Odessa St, Denver, CO 80249, United States","https://www.google.com/maps/place/Go+In+Pro+Construction/@39.6508796,-105.0282427,12z/data=!4m10!1m2!2m1!1sroofing+contractors+in+Denver+CO!3m6!1s0x876c6778c0168361:0x471b5593551402e5!8m2!3d39.7736493!4d-104.7388839!15sCiByb29maW5nIGNvbnRyYWN0b3JzIGluIERlbnZlciBDT1oiIiByb29maW5nIGNvbnRyYWN0b3JzIGluIGRlbnZlciBjb5IBEnJvb2ZpbmdfY29udHJhY3RvcpoBRENpOURRVWxSUVVOdlpFTm9kSGxqUmpsdlQya3hZV0Z1V2xWU01VRTFWMnBXU21Sc2NITmtiR013VFd0R1FsSlhZeEFC4AEA-gEECAAQSA!16s%2Fg%2F11rkb98slq?entry=ttu&g_ep=EgoyMDI2MDgyNi4wIKXMDSoASAFQAw%3D%3D",2026-08-31 16:12:53
dental clinic in Miami FL,Results,4.9,123,N/A,+1 305-373-7799,https://www.deroodeortho.com/,"175 SW 7th St STE 1408, Miami, FL 33130, United States","https://www.google.com/maps/place/deRoode+Orthodontics/@25.7722456,-80.2845244,12z/data=!4m10!1m3!2m2!1sdental+clinic+in+Miami+FL!6e1!3m5!1s0x88d9b685143b33fb:0x5f906061174189a3!8m2!3d25.7676197!4d-80.1968662!16s%2Fg%2F1thvhr63?entry=ttu&g_ep=EgoyMDI2MDgyNi4wIKXMDSoASAFQAw%3D%3D",2026-08-31 16:13:24
dental clinic in Miami FL,Results,5.0,351,N/A,+1 954-581-0120,https://semideydental.com/,"4800 SW 64th Ave #101, Davie, FL 33314, United States","https://www.google.com/maps/place/Semidey+Dental/@25.7722456,-80.2845244,12z/data=!4m10!1m3!2m2!1sdental+clinic+in+Miami+FL!6e1!3m5!1s0x88d9a9b4d9fc9b85:0x8855b0d65e3d9057!8m2!3d26.0606707!4d-80.2314618!16s%2Fg%2F1hc2lrvjl?entry=ttu&g_ep=EgoyMDI2MDgyNi4wIKXMDSoASAFQAw%3D%3D",2026-08-31 16:13:28
dental clinic in Miami FL,Results,4.9,925,N/A,+1 786-983-4812,https://www.relaxandsmile.com/?utm_source=GMB&utm_medium=organic&utm_campaign=DevOptimization&utm_content=Website,"271 NE 2nd St, Miami, FL 33132, United States","https://www.google.com/maps/place/Relax+and+Smile+Dental+Care/@26.060671,-80.3756576,12z/data=!3m1!5s0x88d9b69ef5af525b:0xec9c836f6a254e7f!4m11!1m3!2m2!1sdental+clinic+in+Miami+FL!6e1!3m6!1s0x88d9b69ef54365f1:0x9d56ac0453fc14e!8m2!3d25.7763227!4d-80.1887702!15sChlkZW50YWwgY2xpbmljIGluIE1pYW1pIEZMWhsiGWRlbnRhbCBjbGluaWMgaW4gbWlhbWkgZmySAQ1kZW50YWxfY2xpbmlj4AEA!16s%2Fg%2F1v8gcvld?entry=ttu&g_ep=EgoyMDI2MDgyNi4wIKXMDSoASAFQAw%3D%3D",2026-08-31 16:13:32
dental clinic in Miami FL,Results,4.4,336,N/A,+1 305-363-2222,http://www.csmiles.org/,"G, 750 NW 20th St #110, Miami, FL 33127, United States","https://www.google.com/maps/place/Community+Smiles+Dental+Clinic/@25.7763227,-80.3329658,12z/data=!3m1!5s0x88d9b6b795bf996b:0xabd0110e99c687b2!4m11!1m3!2m2!1sdental+clinic+in+Miami+FL!6e1!3m6!1s0x88d9b6b7a4ae147d:0xf5cb0f8812aee3a2!8m2!3d25.7944355!4d-80.2074813!15sChlkZW50YWwgY2xpbmljIGluIE1pYW1pIEZMWhsiGWRlbnRhbCBjbGluaWMgaW4gbWlhbWkgZmySAQ1kZW50YWxfY2xpbmljmgEkQ2hkRFNVaE5NRzluUzBWSlEwRm5TVVExY1V0bVVYRjNSUkFC4AEA-gEFCPUBEEQ!16s%2Fg%2F1tfv1c1v?entry=ttu&g_ep=EgoyMDI2MDgyNi4wIKXMDSoASAFQAw%3D%3D",2026-08-31 16:13:37
dental clinic in Miami FL,Results,4.9,751,N/A,+1 229-508-0551,https://www.hqdontics.com/,"1060 Brickell Ave Suite 103/M2, Miami, FL 33131, United States","https://www.google.com/maps/place/Dentists+in+Brickell+-+HQ+Dontics+Dental+Centre/@25.7763227,-80.3329658,12z/data=!3m1!5s0x88d9b6839f73baf3:0xd69c257efcb5299b!4m11!1m3!2m2!1sdental+clinic+in+Miami+FL!6e1!3m6!1s0x88d9b683e08f74d1:0x9ddd6313d4fea484!8m2!3d25.7631375!4d-80.1917891!15sChlkZW50YWwgY2xpbmljIGluIE1pYW1pIEZMWhsiGWRlbnRhbCBjbGluaWMgaW4gbWlhbWkgZmySAQdkZW50aXN04AEA!16s%2Fg%2F1tlbpyyw?entry=ttu&g_ep=EgoyMDI2MDgyNi4wIKXMDSoASAFQAw%3D%3D",2026-08-31 16:13:42
dental clinic in Miami FL,Results,4.8,368,N/A,+1 305-285-5150,http://www.onedentalmiami.com/,"1330 Coral Wy #100, Miami, FL 33145, United States","https://www.google.com/maps/place/ONE+Dental+Miami/@25.7763227,-80.3329658,12z/data=!4m11!1m3!2m2!1sdental+clinic+in+Miami+FL!6e1!3m6!1s0x88d9b65bbc36ea39:0xb1d41cbb8594799d!8m2!3d25.750765!4d-80.2170019!15sChlkZW50YWwgY2xpbmljIGluIE1pYW1pIEZMWhsiGWRlbnRhbCBjbGluaWMgaW4gbWlhbWkgZmySAQdkZW50aXN0mgEgQ2hSRFNVaE5NRzluUzBWSlEwRm5TVU15TlhKRlNSQULgAQD6AQUI5QEQSw!16s%2Fg%2F1td2hq9w?entry=ttu&g_ep=EgoyMDI2MDgyNi4wIKXMDSoASAFQAw%3D%3D",2026-08-31 16:13:47
dental clinic in Miami FL,Results,4.8,853,N/A,+1 305-372-1020,http://ultrasmilemiami.com/,"168 SE 1st St, Miami, FL 33131, United States","https://www.google.com/maps/place/Ultra+Smile+Miami/@25.7763227,-80.3329658,12z/data=!3m1!5s0x88d9b2477fa3dd2f:0x898d56ee2d815048!4m11!1m3!2m2!1sdental+clinic+in+Miami+FL!6e1!3m6!1s0x88d9b69c33e8f9cd:0x7f7cb0b51a9c61d4!8m2!3d25.7733032!4d-80.1905185!15sChlkZW50YWwgY2xpbmljIGluIE1pYW1pIEZMWhsiGWRlbnRhbCBjbGluaWMgaW4gbWlhbWkgZmySAQ1kZW50YWxfY2xpbmlj4AEA!16s%2Fg%2F1pp2tkgqh?entry=ttu&g_ep=EgoyMDI2MDgyNi4wIKXMDSoASAFQAw%3D%3D",2026-08-31 16:13:51
dental clinic in Miami FL,Results,4.9,47,N/A,+1 305-649-9443,http://newdentalcaremiami.com/,"1250 SW 27th Ave #203, Miami, FL 33135, United States","https://www.google.com/maps/place/New+Dental+Care/@25.7763227,-80.3329658,12z/data=!4m11!1m3!2m2!1sdental+clinic+in+Miami+FL!6e1!3m6!1s0x88d9b789b5e4db4f:0xefb4d834644cfc9f!8m2!3d25.7607982!4d-80.2389433!15sChlkZW50YWwgY2xpbmljIGluIE1pYW1pIEZMkgENZGVudGFsX2NsaW5pY-ABAA!16s%2Fg%2F11n84bjwz4?entry=ttu&g_ep=EgoyMDI2MDgyNi4wIKXMDSoASAFQAw%3D%3D",2026-08-31 16:13:56
dental clinic in Miami FL,Results,4.6,335,N/A,+1 305-614-4423,https://downtownmiamidentalcare.com/?gad_source=1&gbraid=0AAAAApWqt99gs1_0sJjMrln30HGh59R9C&gclid=CjwKCAiA2JG9BhAuEiwAH_zf3g2DWF_ARANmOC_MXmFhh_VC9i55l9Ne7GU6y9LxjmUvfWlY5PSsvBoCRKwQAvD_BwE%23app&utm_source=ig&utm_medium=social&utm_content=link_in_bio&fbclid=PAZXh0bgNhZW0CMTEAc3J0YwZhcHBfaWQMMjU2MjgxMDQwNTU4AAGnst3w4Nccp2ihsPcR0fNJT9foJ0-Z6dJuDB8jzzM31h2ldxfmSQxBYsUx9HE_aem_X2TRe3zrDjVD4Qe6GPhMxw,"65 SE 9th St, Miami, FL 33131, United States","https://www.google.com/maps/place/Brickell+Dental+Care/@25.7763227,-80.3329658,12z/data=!3m1!5s0x88d9b68383186ec3:0x8246b41e320d3392!4m11!1m3!2m2!1sdental+clinic+in+Miami+FL!6e1!3m6!1s0x88d9b7e9b530d8e5:0x58d2c00a94dd3312!8m2!3d25.7655623!4d-80.1925394!15sChlkZW50YWwgY2xpbmljIGluIE1pYW1pIEZMWhsiGWRlbnRhbCBjbGluaWMgaW4gbWlhbWkgZmySAQdkZW50aXN0mgEjQ2haRFNVaE5NRzluUzBWTFdIazJUWEpSTUU1MVIyRlJFQUXgAQD6AQQIUBBA!16s%2Fg%2F11fwhjjxhc?entry=ttu&g_ep=EgoyMDI2MDgyNi4wIKXMDSoASAFQAw%3D%3D",2026-08-31 16:14:00
dental clinic in Miami FL,Results,4.8,2202,N/A,+1 305-457-6294,https://miamibayoralhealth.com/,"111 NW 8th St, Miami, FL 33136, United States","https://www.google.com/maps/place/Miami+Bay+Oral+Health/@25.7763227,-80.3329658,12z/data=!4m11!1m3!2m2!1sdental+clinic+in+Miami+FL!6e1!3m6!1s0x88d9b69df368a3bd:0x45df1efaa4161797!8m2!3d25.7819093!4d-80.1966355!15sChlkZW50YWwgY2xpbmljIGluIE1pYW1pIEZMWhsiGWRlbnRhbCBjbGluaWMgaW4gbWlhbWkgZmySAQ1kZW50YWxfY2xpbmlj4AEA!16s%2Fg%2F11g6rxhj67?entry=ttu&g_ep=EgoyMDI2MDgyNi4wIKXMDSoASAFQAw%3D%3D",2026-08-31 16:14:05
dental clinic in Miami FL,Results,4.9,311,N/A,+1 305-642-8499,https://superdentistmiami.com/,"1660 SW 1st St, Miami, FL 33135, United States","https://www.google.com/maps/place/Super+Dentist+Miami/@25.7763227,-80.3329658,12z/data=!4m11!1m3!2m2!1sdental+clinic+in+Miami+FL!6e1!3m6!1s0x88d9b779214c24c3:0x6e6ef68f68a7a858!8m2!3d25.772276!4d-80.2223229!15sChlkZW50YWwgY2xpbmljIGluIE1pYW1pIEZMWhsiGWRlbnRhbCBjbGluaWMgaW4gbWlhbWkgZmySAQdkZW50aXN0mgEjQ2haRFNVaE5NRzluUzBWSlEwRm5TVVI0YVZwTGRrOTNFQUXgAQD6AQQIABAn!16s%2Fg%2F11kg5mrtnl?entry=ttu&g_ep=EgoyMDI2MDgyNi4wIKXMDSoASAFQAw%3D%3D",2026-08-31 16:14:09
dental clinic in Miami FL,Results,5.0,1018,N/A,+1 305-642-4142,https://alfonsodental305.com/,"351 NW 42nd Ave Ste 402, Miami, FL 33126, United States","https://www.google.com/maps/place/Alfonso+Dental+Miami/@25.7763227,-80.3329658,12z/data=!4m11!1m3!2m2!1sdental+clinic+in+Miami+FL!6e1!3m6!1s0x88d9bf5b1c1e393b:0xd8b2b496e8617948!8m2!3d25.775533!4d-80.2635993!15sChlkZW50YWwgY2xpbmljIGluIE1pYW1pIEZMWhsiGWRlbnRhbCBjbGluaWMgaW4gbWlhbWkgZmySAQdkZW50aXN04AEA!16s%2Fg%2F1xcbqf39?entry=ttu&g_ep=EgoyMDI2MDgyNi4wIKXMDSoASAFQAw%3D%3D",2026-08-31 16:14:13
dental clinic in Miami FL,Results,4.9,542,N/A,+1 305-530-1866,https://www.bayfrontdental.com/,"224 SE 1st St, Miami, FL 33131, United States","https://www.google.com/maps/place/Bayfront+Dental+-+Dr.+Taylor+Light/@25.775533,-80.4077949,12z/data=!3m1!5s0x88d9b69dca25108b:0x3cea3284562b090e!4m11!1m3!2m2!1sdental+clinic+in+Miami+FL!6e1!3m6!1s0x88d9b69dc92efc5d:0xa82914eb8b459130!8m2!3d25.7733485!4d-80.1896807!15sChlkZW50YWwgY2xpbmljIGluIE1pYW1pIEZMWhsiGWRlbnRhbCBjbGluaWMgaW4gbWlhbWkgZmySAQdkZW50aXN0mgEjQ2haRFNVaE5NRzluUzBWSlEwRm5TVVE1T1ZwSFQwSkJFQUXgAQD6AQUI4wMQNA!16s%2Fg%2F11b6t1nq3b?entry=ttu&g_ep=EgoyMDI2MDgyNi4wIKXMDSoASAFQAw%3D%3D",2026-08-31 16:14:18
dental clinic in Miami FL,Results,4.8,204,N/A,+1 305-642-6330,http://bestdentalcareplus.com/,"1673 SW 27th Ave, Miami, FL 33145, United States","https://www.google.com/maps/place/Best+Dental+Care/@25.7733485,-80.3338763,12z/data=!4m11!1m3!2m2!1sdental+clinic+in+Miami+FL!6e1!3m6!1s0x88d9b7a96534fe4b:0xc716d688579e562f!8m2!3d25.7564436!4d-80.2383064!15sChlkZW50YWwgY2xpbmljIGluIE1pYW1pIEZMWhsiGWRlbnRhbCBjbGluaWMgaW4gbWlhbWkgZmySAQdkZW50aXN04AEA!16s%2Fg%2F11c2kz8p_c?entry=ttu&g_ep=EgoyMDI2MDgyNi4wIKXMDSoASAFQAw%3D%3D",2026-08-31 16:14:23
dental clinic in Miami FL,Results,4.9,90,N/A,+1 305-554-4304,https://www.flaglerdentalclinic.com/,"11373 W Flagler St Suite 214, Miami, FL 33174, United States","https://www.google.com/maps/place/Flagler+Dental+Clinic+of+Miami+Inc/@25.7733485,-80.3338763,12z/data=!4m11!1m3!2m2!1sdental+clinic+in+Miami+FL!6e1!3m6!1s0x88d9bf27e8a3cdc7:0xa17a3999b152e2c2!8m2!3d25.7685416!4d-80.3802787!15sChlkZW50YWwgY2xpbmljIGluIE1pYW1pIEZMWhsiGWRlbnRhbCBjbGluaWMgaW4gbWlhbWkgZmySAQdkZW50aXN0mgFEQ2k5RFFVbFJRVU52WkVOb2RIbGpSamx2VDJ0V2VsUXlSa0pQUlhSTFdtdFdSVlF3V2xwVlJrRjNZVEF4Tm1SdFl4QULgAQD6AQQIABBG!16s%2Fg%2F1tf48z3b?entry=ttu&g_ep=EgoyMDI2MDgyNi4wIKXMDSoASAFQAw%3D%3D",2026-08-31 16:14:28
dental clinic in Miami FL,Results,5.0,37,N/A,+1 786-696-8001,https://dentalcarem.com/,"2772 NW 7th St, Miami, FL 33125, United States","https://www.google.com/maps/place/Dental+Care+of+South+Florida+Inc./@25.7685416,-80.5244743,12z/data=!4m11!1m3!2m2!1sdental+clinic+in+Miami+FL!6e1!3m6!1s0x88d9b757ad048f67:0xece4cc35c1e30ff8!8m2!3d25.7791623!4d-80.2410683!15sChlkZW50YWwgY2xpbmljIGluIE1pYW1pIEZMkgEHZGVudGlzdOABAA!16s%2Fg%2F11mlvl_rf0?entry=ttu&g_ep=EgoyMDI2MDgyNi4wIKXMDSoASAFQAw%3D%3D",2026-08-31 16:14:31
dental clinic in Miami FL,Results,5.0,387,N/A,+1 305-324-6312,https://www.mydentalcentermiami.com/,"763 W Flagler St, Miami, FL 33130, United States","https://www.google.com/maps/place/West+Brickell+Dental/@25.7791623,-80.3852639,12z/data=!4m11!1m3!2m2!1sdental+clinic+in+Miami+FL!6e1!3m6!1s0x88d9b70c1681799f:0xf2f80009e1fa5f21!8m2!3d25.7739536!4d-80.2072616!15sChlkZW50YWwgY2xpbmljIGluIE1pYW1pIEZMWhsiGWRlbnRhbCBjbGluaWMgaW4gbWlhbWkgZmySAQdkZW50aXN04AEA!16s%2Fg%2F11pkq65cc5?entry=ttu&g_ep=EgoyMDI2MDgyNi4wIKXMDSoASAFQAw%3D%3D",2026-08-31 16:14:36
dental clinic in Miami FL,Results,4.9,404,N/A,+1 305-371-6064,https://miamidental.net/,"150 SE 2nd Ave STE 604, Miami, FL 33131, United States","https://www.google.com/maps/place/All+Smiles+Dentistry+Miami/@25.7791623,-80.3852639,12z/data=!4m11!1m3!2m2!1sdental+clinic+in+Miami+FL!6e1!3m6!1s0x88d9c0502890d791:0x441c202424cfa0a5!8m2!3d25.7729969!4d-80.1903322!15sChlkZW50YWwgY2xpbmljIGluIE1pYW1pIEZMWhsiGWRlbnRhbCBjbGluaWMgaW4gbWlhbWkgZmySAQdkZW50aXN04AEA!16s%2Fg%2F1tdf24s6?entry=ttu&g_ep=EgoyMDI2MDgyNi4wIKXMDSoASAFQAw%3D%3D",2026-08-31 16:14:39
dental clinic in Miami FL,Results,4.9,212,N/A,+1 786-409-2233,https://dentalprogres.com/,"477 NW 27th Ave, Miami, FL 33125, United States","https://www.google.com/maps/place/Dental+Progress/@25.7791623,-80.3852639,12z/data=!3m1!5s0x88d9b71be1c97af1:0x194f6b187c7f0060!4m11!1m3!2m2!1sdental+clinic+in+Miami+FL!6e1!3m6!1s0x88d9b7512fba2ddd:0x6a740e38cff20b85!8m2!3d25.777563!4d-80.2388839!15sChlkZW50YWwgY2xpbmljIGluIE1pYW1pIEZMWhsiGWRlbnRhbCBjbGluaWMgaW4gbWlhbWkgZmySAQ1kZW50YWxfY2xpbmljmgEjQ2haRFNVaE5NRzluUzBWSlEwRm5TVU5xYzA1eFprcEJFQUXgAQD6AQQIeRBD!16s%2Fg%2F11h3kzvl6t?entry=ttu&g_ep=EgoyMDI2MDgyNi4wIKXMDSoASAFQAw%3D%3D",2026-08-31 16:14:44
dental clinic in Miami FL,Results,4.5,399,N/A,+1 305-541-5103,https://www.payadental.com/,"2143 NW 7th St, Miami, FL 33125, United States","https://www.google.com/maps/place/Paya+Dental+-+Dental+Clinic+%26+Implants+Miami/@25.7791623,-80.3852639,12z/data=!4m11!1m3!2m2!1sdental+clinic+in+Miami+FL!6e1!3m6!1s0x88d9b6e1b22df42d:0xcac7066ffd661c8d!8m2!3d25.7798466!4d-80.2302907!15sChlkZW50YWwgY2xpbmljIGluIE1pYW1pIEZMWhsiGWRlbnRhbCBjbGluaWMgaW4gbWlhbWkgZmySAQdkZW50aXN04AEA!16s%2Fg%2F1tf325kn?entry=ttu&g_ep=EgoyMDI2MDgyNi4wIKXMDSoASAFQAw%3D%3D",2026-08-31 16:14:48
dental clinic in Miami FL,Results,4.9,489,N/A,+1 305-912-0186,https://drramonbana.com/?utm_source=GMBlisting&utm_medium=organic&utm_campaign=gmb,"2461 Coral Wy, Miami, FL 33145, United States","https://www.google.com/maps/place/Miami+Sedation+%26+Cosmetic+Dentistry/@25.7791623,-80.3852639,12z/data=!3m1!5s0x88d9b7adae37b583:0x502df71ef45764db!4m11!1m3!2m2!1sdental+clinic+in+Miami+FL!6e1!3m6!1s0x88d9b7adae5143f7:0x9e6a7e6840661f3b!8m2!3d25.7506671!4d-80.2355426!15sChlkZW50YWwgY2xpbmljIGluIE1pYW1pIEZMWhsiGWRlbnRhbCBjbGluaWMgaW4gbWlhbWkgZmySARBjb3NtZXRpY19kZW50aXN04AEA!16s%2Fg%2F1ty751md?entry=ttu&g_ep=EgoyMDI2MDgyNi4wIKXMDSoASAFQAw%3D%3D",2026-08-31 16:14:53
dental clinic in Miami FL,Results,4.8,492,N/A,+1 305-529-9295,http://www.gablesfamily.com/,"2990 Coral Wy, Miami, FL 33145, United States","https://www.google.com/maps/place/Gables+Family+Dental/@25.7791623,-80.3852639,12z/data=!4m11!1m3!2m2!1sdental+clinic+in+Miami+FL!6e1!3m6!1s0x88d9b7afeb2d16b7:0x55205682657965ec!8m2!3d25.7500556!4d-80.2421572!15sChlkZW50YWwgY2xpbmljIGluIE1pYW1pIEZMWhsiGWRlbnRhbCBjbGluaWMgaW4gbWlhbWkgZmySAQdkZW50aXN0mgEkQ2hkRFNVaE5NRzluUzBWSlEwRm5UVU5SYlZsMU5EQm5SUkFC4AEA-gEFCJ4BED4!16s%2Fg%2F1twy_bxb?entry=ttu&g_ep=EgoyMDI2MDgyNi4wIKXMDSoASAFQAw%3D%3D",2026-08-31 16:14:57
dental clinic in Miami FL,Results,5.0,13,N/A,+1 786-206-6200,https://www.nuedentalclinic.com/,"13509 Biscayne Blvd, North Miami Beach, FL 33181, United States","https://www.google.com/maps/place/Nue+Dental+Clinic/@25.7791623,-80.3852639,12z/data=!4m10!1m3!2m2!1sdental+clinic+in+Miami+FL!6e1!3m5!1s0x88d9adbd9c26e529:0x13d91dab58b05f4b!8m2!3d25.9004627!4d-80.1599312!16s%2Fg%2F11myv53nyl?entry=ttu&g_ep=EgoyMDI2MDgyNi4wIKXMDSoASAFQAw%3D%3D",2026-08-31 16:15:01
dental clinic in Miami FL,Results,4.9,123,N/A,+1 305-373-7799,https://www.deroodeortho.com/,"175 SW 7th St STE 1408, Miami, FL 33130, United States","https://www.google.com/maps/place/deRoode+Orthodontics/@25.900463,-80.3041266,12z/data=!4m10!1m3!2m2!1sdental+clinic+in+Miami+FL!6e1!3m5!1s0x88d9b685143b33fb:0x5f906061174189a3!8m2!3d25.7676197!4d-80.1968662!16s%2Fg%2F1thvhr63?entry=ttu&g_ep=EgoyMDI2MDgyNi4wIKXMDSoASAFQAw%3D%3D",2026-08-31 16:15:06
dental clinic in Miami FL,Results,5.0,1018,N/A,+1 305-642-4142,https://alfonsodental305.com/,"351 NW 42nd Ave Ste 402, Miami, FL 33126, United States","https://www.google.com/maps/place/Alfonso+Dental+Miami/@25.76762,-80.3410616,12z/data=!4m11!1m3!2m2!1sdental+clinic+in+Miami+FL!6e1!3m6!1s0x88d9bf5b1c1e393b:0xd8b2b496e8617948!8m2!3d25.775533!4d-80.2635993!15sChlkZW50YWwgY2xpbmljIGluIE1pYW1pIEZMWhsiGWRlbnRhbCBjbGluaWMgaW4gbWlhbWkgZmySAQdkZW50aXN04AEA!16s%2Fg%2F1xcbqf39?entry=ttu&g_ep=EgoyMDI2MDgyNi4wIKXMDSoASAFQAw%3D%3D",2026-08-31 16:15:10
